Multiline|line1
line2

line3
2nd row|line1
PGP-MESSAGE|-----BEGIN PGP MESSAGE-----
Version: Mailvelope v6.2.0
Comment: https://mailvelope.com

wcBMA8bxZMsvnqAiAQf/ZsL2bQAONoGMFMUEh4djmxT27OVRHIBTWlgIMtMU
Jr2mDqY2yM0BqycyqE0scXNKyvm84G+ATCbYBJjH3gC6eUDdpQphaSbNeEoC
Y4HCwjrSB6kWJGM8zT6Af7FaccrFeYsoh3nZS52JLo0ybVvgoT5r1WnsDeMv
88pbypu8FF1Pirq7UTa+61szSsYWueAtNl5X6AYb/+eXwvK7qORSUUc7AAa8
QRGvdoJ/4NfYN415RIdGD4Hk5uXwNTLp5L9Uhim0hyGXFOoVDr+j2elKHQzt
O9/RpnFagU1m9aW1eTGtu1wNe75e+spQeOaVpmmrfip6+AYiaJUoxkax6Qm4
8tLAvAFhT/KUkAwc8nC5svP4UyeHfl43I5LtthVnlfxug9aJ7zD24kIGQ22/
M4OsdP2ANtd4r+PukciCXuK78UNfmclLnWVhVy66atG5N11kuAU1zPEg6k2e
snit82UK0w24MIYcbhGVmqSiV7VWXW91IrH0HgOg+fq2ar5yGjp0Dgh6shQY
d1z1keeL7quYWRO7PhCfBOhNA0FgN9/nLx2miZQQk3tsTUrqT3QwjLx6fEuf
d6cuDmw8ZodGuEDbJC1RhqswppLByiuLOQIRf5Tz3hCeaGhoadOcJ+oeI5qz
afquexk+60jh2FyXt5UV5L9dbB0Mszxsac3uDeYeRp50BS0wD/b+Jf8FXL61
ZpxvYrZ8g+DZWa3kh+UKWKWLPehemy5PKKwb1be/pZzsXAkmX6Y7AYNly+ZL
k3JjfK6Sx1AdLuUNbbJdml4c5Xcr+LNtu0CpbzQ8X1HN+pGPTDMGJAZQBDM7
Yl7FSuS9XCIeheL75BRxxh65aDEYpTgX
=gx9f
-----END PGP MESSAGE-----
3rd row|line1

